"sepal_length","sepal_width","petal_length","petal_width","species(p0)","species(p1)"
0.194444444444444,0.583333333333333,0.0847457627118644,0.0416666666666667,0.0669872981077807,0.25
0.222222222222222,0.625,0.0677966101694915,0.0833333333333333,0.0669872981077807,0.25
0.472222222222222,0.0833333333333334,0.508474576271186,0.375,0.933012701892219,0.25
0.444444444444445,0.5,0.644067796610169,0.708333333333333,0.933012701892219,0.25
0.555555555555555,0.583333333333333,0.779661016949152,0.958333333333333,0.5,1
0.805555555555556,0.416666666666667,0.813559322033898,0.625,0.5,1